timestamp,add-chain,add-pre-chain,get-entries,get-proof-by-hash,get-roots,get-sth,get-sth-consistency
1779327480,100.0000,100.0000,100.0000,100.0000,100.0000,100.0000,100.0000
1779331080,100.0000,100.0000,100.0000,100.0000,100.0000,100.0000,100.0000
1779340680,100.0000,100.0000,100.0000,100.0000,100.0000,100.0000,100.0000
1779343680,100.0000,100.0000,100.0000,100.0000,100.0000,100.0000,100.0000
1779353880,100.0000,100.0000,100.0000,100.0000,100.0000,100.0000,100.0000
1779368880,100.0000,100.0000,100.0000,100.0000,100.0000,100.0000,100.0000
1779373680,100.0000,100.0000,100.0000,100.0000,100.0000,100.0000,100.0000
1779377880,100.0000,100.0000,100.0000,100.0000,100.0000,100.0000,100.0000
1779386880,100.0000,100.0000,100.0000,100.0000,100.0000,100.0000,100.0000
1779390480,100.0000,100.0000,100.0000,100.0000,100.0000,100.0000,100.0000
1779398880,100.0000,100.0000,100.0000,100.0000,100.0000,100.0000,100.0000
1779405480,100.0000,100.0000,100.0000,100.0000,100.0000,100.0000,100.0000
1779424080,100.0000,100.0000,100.0000,100.0000,100.0000,100.0000,100.0000
1779437280,100.0000,100.0000,100.0000,100.0000,100.0000,100.0000,100.0000
1779448680,100.0000,100.0000,100.0000,100.0000,100.0000,100.0000,100.0000
1779460680,100.0000,100.0000,100.0000,100.0000,100.0000,100.0000,100.0000
1779468480,100.0000,100.0000,100.0000,100.0000,100.0000,100.0000,100.0000
1779475680,100.0000,100.0000,100.0000,100.0000,100.0000,100.0000,100.0000
1779478680,100.0000,100.0000,100.0000,100.0000,100.0000,100.0000,100.0000
1779488880,100.0000,100.0000,100.0000,100.0000,100.0000,100.0000,100.0000
1779506280,100.0000,100.0000,100.0000,100.0000,100.0000,100.0000,100.0000
1779515880,100.0000,100.0000,100.0000,100.0000,100.0000,100.0000,100.0000
1779521880,100.0000,100.0000,100.0000,100.0000,100.0000,100.0000,100.0000
1779528480,100.0000,100.0000,100.0000,100.0000,100.0000,100.0000,100.0000
1779544680,100.0000,100.0000,100.0000,100.0000,100.0000,100.0000,100.0000
1779554280,100.0000,100.0000,100.0000,100.0000,100.0000,100.0000,100.0000
1779557280,100.0000,100.0000,100.0000,100.0000,100.0000,100.0000,100.0000
1779560280,100.0000,100.0000,100.0000,100.0000,100.0000,100.0000,100.0000
1779572280,100.0000,100.0000,100.0000,100.0000,100.0000,100.0000,100.0000
1779575280,100.0000,100.0000,100.0000,100.0000,100.0000,100.0000,100.0000
1779581280,100.0000,100.0000,100.0000,100.0000,100.0000,100.0000,100.0000
1779596280,100.0000,100.0000,100.0000,100.0000,100.0000,100.0000,100.0000
1779608280,100.0000,100.0000,100.0000,100.0000,100.0000,100.0000,100.0000
1779614280,100.0000,100.0000,100.0000,100.0000,100.0000,100.0000,100.0000
1779620280,100.0000,100.0000,100.0000,100.0000,100.0000,100.0000,100.0000
1779628080,100.0000,100.0000,100.0000,100.0000,100.0000,100.0000,100.0000
1779635280,100.0000,100.0000,100.0000,100.0000,100.0000,100.0000,100.0000
1779638280,100.0000,100.0000,100.0000,100.0000,100.0000,100.0000,100.0000
1779644280,100.0000,100.0000,100.0000,100.0000,100.0000,100.0000,100.0000
1779650880,100.0000,100.0000,100.0000,100.0000,100.0000,100.0000,100.0000
1779653880,100.0000,100.0000,100.0000,100.0000,100.0000,100.0000,100.0000
1779657480,100.0000,100.0000,100.0000,100.0000,100.0000,100.0000,100.0000
1779661080,100.0000,100.0000,100.0000,100.0000,100.0000,100.0000,100.0000
1779670080,100.0000,100.0000,100.0000,100.0000,100.0000,100.0000,100.0000
1779682080,100.0000,100.0000,100.0000,100.0000,100.0000,100.0000,100.0000
1779701280,100.0000,100.0000,100.0000,100.0000,100.0000,100.0000,100.0000
1779712680,100.0000,100.0000,100.0000,100.0000,100.0000,100.0000,100.0000
1779723480,100.0000,100.0000,100.0000,100.0000,100.0000,100.0000,100.0000
1779732480,100.0000,100.0000,100.0000,100.0000,100.0000,100.0000,100.0000
1779739680,100.0000,100.0000,100.0000,100.0000,100.0000,100.0000,100.0000
1779746880,100.0000,100.0000,100.0000,100.0000,100.0000,100.0000,100.0000
1779750480,100.0000,100.0000,100.0000,100.0000,100.0000,100.0000,100.0000
1779760080,100.0000,100.0000,100.0000,100.0000,100.0000,100.0000,100.0000
1779769080,100.0000,100.0000,100.0000,100.0000,100.0000,100.0000,100.0000
1779783480,100.0000,100.0000,100.0000,100.0000,100.0000,100.0000,100.0000
1779810480,100.0000,100.0000,100.0000,100.0000,100.0000,100.0000,100.0000
1779818880,100.0000,100.0000,100.0000,100.0000,100.0000,100.0000,100.0000
1779826080,100.0000,100.0000,100.0000,100.0000,100.0000,100.0000,100.0000
1779831480,100.0000,100.0000,100.0000,100.0000,100.0000,100.0000,100.0000
1779842280,100.0000,100.0000,100.0000,100.0000,100.0000,100.0000,100.0000
1779855480,100.0000,100.0000,100.0000,100.0000,100.0000,100.0000,100.0000
1779874080,100.0000,100.0000,100.0000,100.0000,100.0000,100.0000,100.0000
1779889080,100.0000,100.0000,100.0000,100.0000,100.0000,100.0000,100.0000
1779899280,100.0000,100.0000,100.0000,100.0000,100.0000,100.0000,100.0000
1779907680,100.0000,100.0000,100.0000,100.0000,100.0000,100.0000,100.0000
1779911880,100.0000,100.0000,100.0000,100.0000,100.0000,100.0000,100.0000
1779921480,100.0000,100.0000,100.0000,100.0000,100.0000,100.0000,100.0000
1779941280,100.0000,100.0000,100.0000,100.0000,100.0000,100.0000,100.0000
1779956280,100.0000,100.0000,100.0000,100.0000,100.0000,100.0000,100.0000
1779967680,100.0000,100.0000,100.0000,100.0000,100.0000,100.0000,100.0000
1779985080,100.0000,100.0000,100.0000,100.0000,100.0000,100.0000,100.0000
1779994080,100.0000,100.0000,100.0000,100.0000,100.0000,100.0000,100.0000
1780003080,100.0000,100.0000,100.0000,100.0000,100.0000,100.0000,100.0000
1780005480,100.0000,100.0000,100.0000,100.0000,100.0000,100.0000,100.0000
1780023480,100.0000,100.0000,100.0000,100.0000,100.0000,100.0000,100.0000
1780043280,100.0000,100.0000,100.0000,100.0000,100.0000,100.0000,100.0000
1780055280,100.0000,100.0000,100.0000,100.0000,100.0000,100.0000,100.0000
1780068480,100.0000,100.0000,100.0000,100.0000,100.0000,100.0000,100.0000
1780079280,100.0000,100.0000,100.0000,100.0000,100.0000,100.0000,100.0000
1780081080,100.0000,100.0000,100.0000,100.0000,100.0000,100.0000,100.0000
1780089480,100.0000,100.0000,100.0000,100.0000,100.0000,100.0000,100.0000
1780101480,100.0000,100.0000,100.0000,100.0000,100.0000,100.0000,100.0000
1780117080,100.0000,100.0000,100.0000,100.0000,100.0000,100.0000,100.0000
1780124880,100.0000,100.0000,100.0000,100.0000,100.0000,100.0000,100.0000
1780132680,100.0000,100.0000,100.0000,100.0000,100.0000,100.0000,100.0000
1780138080,100.0000,100.0000,100.0000,100.0000,100.0000,100.0000,100.0000
1780148880,100.0000,100.0000,100.0000,100.0000,100.0000,100.0000,100.0000
1780154280,100.0000,100.0000,100.0000,100.0000,100.0000,100.0000,100.0000
1780158480,100.0000,100.0000,100.0000,100.0000,100.0000,100.0000,100.0000
1780168680,100.0000,100.0000,100.0000,100.0000,100.0000,100.0000,100.0000
1780174080,100.0000,100.0000,100.0000,100.0000,100.0000,100.0000,100.0000
1780175880,100.0000,100.0000,100.0000,100.0000,100.0000,100.0000,100.0000
1780181280,100.0000,100.0000,100.0000,100.0000,100.0000,100.0000,100.0000
1780187880,100.0000,100.0000,100.0000,100.0000,100.0000,100.0000,100.0000
1780205880,100.0000,100.0000,100.0000,100.0000,100.0000,100.0000,100.0000
1780219080,100.0000,100.0000,100.0000,100.0000,100.0000,100.0000,100.0000
1780224480,100.0000,100.0000,100.0000,100.0000,100.0000,100.0000,100.0000
1780235280,100.0000,100.0000,100.0000,100.0000,100.0000,100.0000,100.0000
1780238880,100.0000,100.0000,100.0000,100.0000,100.0000,100.0000,100.0000
1780244280,100.0000,100.0000,100.0000,100.0000,100.0000,100.0000,100.0000
1780251480,100.0000,100.0000,100.0000,100.0000,100.0000,100.0000,100.0000
1780258080,100.0000,100.0000,100.0000,100.0000,100.0000,100.0000,100.0000
1780261080,100.0000,100.0000,100.0000,100.0000,100.0000,100.0000,100.0000
1780264080,100.0000,100.0000,100.0000,100.0000,100.0000,100.0000,100.0000
1780284480,100.0000,100.0000,100.0000,100.0000,100.0000,100.0000,99.2857
1780303680,100.0000,100.0000,100.0000,100.0000,100.0000,100.0000,99.2857
1780323480,100.0000,100.0000,100.0000,100.0000,100.0000,100.0000,99.2806
1780342080,100.0000,100.0000,100.0000,100.0000,100.0000,100.0000,99.2857
1780349280,100.0000,100.0000,100.0000,100.0000,100.0000,100.0000,99.2806
1780360080,100.0000,100.0000,100.0000,100.0000,100.0000,100.0000,99.2806
1780380480,100.0000,100.0000,100.0000,100.0000,100.0000,99.2806,100.0000
1780395480,100.0000,100.0000,100.0000,100.0000,100.0000,99.2806,100.0000
1780409880,100.0000,100.0000,100.0000,100.0000,100.0000,99.2857,100.0000
1780426680,100.0000,100.0000,100.0000,100.0000,100.0000,99.2806,100.0000
1780433880,100.0000,100.0000,100.0000,100.0000,100.0000,99.2806,100.0000
1780440480,100.0000,100.0000,100.0000,100.0000,100.0000,99.2857,100.0000
1780459680,100.0000,100.0000,99.2857,100.0000,100.0000,100.0000,100.0000
1780478280,100.0000,100.0000,99.2806,100.0000,100.0000,100.0000,100.0000
1780493880,100.0000,100.0000,99.2857,100.0000,100.0000,100.0000,100.0000
1780509480,100.0000,100.0000,99.2857,100.0000,100.0000,100.0000,100.0000
1780520880,100.0000,100.0000,99.2857,100.0000,100.0000,100.0000,100.0000
1780543080,100.0000,100.0000,100.0000,100.0000,100.0000,99.2806,100.0000
1780561680,100.0000,100.0000,100.0000,100.0000,100.0000,99.2806,100.0000
1780570680,100.0000,100.0000,100.0000,100.0000,100.0000,99.2806,100.0000
1780583880,100.0000,100.0000,100.0000,100.0000,100.0000,99.2857,100.0000
1780591080,100.0000,100.0000,100.0000,100.0000,100.0000,99.2857,100.0000
1780600680,100.0000,100.0000,100.0000,100.0000,100.0000,99.2857,100.0000
1780607880,100.0000,100.0000,100.0000,100.0000,100.0000,99.2806,100.0000
1780613880,100.0000,100.0000,100.0000,100.0000,100.0000,99.2806,100.0000
1780630680,100.0000,100.0000,100.0000,100.0000,100.0000,100.0000,100.0000
1780646280,100.0000,100.0000,100.0000,100.0000,100.0000,100.0000,100.0000
1780655880,100.0000,100.0000,100.0000,100.0000,100.0000,100.0000,100.0000
1780669080,100.0000,100.0000,100.0000,100.0000,100.0000,100.0000,100.0000
1780679280,100.0000,100.0000,100.0000,100.0000,100.0000,100.0000,100.0000
1780682880,100.0000,100.0000,100.0000,100.0000,100.0000,100.0000,100.0000
1780690680,100.0000,100.0000,100.0000,100.0000,100.0000,100.0000,100.0000
1780697880,100.0000,100.0000,100.0000,100.0000,100.0000,100.0000,100.0000
1780714080,100.0000,100.0000,100.0000,100.0000,100.0000,100.0000,100.0000
1780728480,100.0000,100.0000,100.0000,100.0000,100.0000,99.2806,100.0000
1780737480,100.0000,100.0000,100.0000,100.0000,100.0000,99.2806,100.0000
1780744080,100.0000,100.0000,100.0000,100.0000,100.0000,99.2806,100.0000
1780750080,100.0000,100.0000,100.0000,100.0000,100.0000,99.2806,100.0000
1780756080,100.0000,100.0000,100.0000,100.0000,100.0000,99.2857,100.0000
1780762080,100.0000,100.0000,100.0000,100.0000,100.0000,99.2857,100.0000
1780772280,100.0000,100.0000,100.0000,100.0000,100.0000,99.2857,100.0000
1780778280,100.0000,100.0000,100.0000,100.0000,100.0000,99.2857,100.0000
1780784280,100.0000,100.0000,100.0000,100.0000,100.0000,99.2857,100.0000
1780800480,100.0000,100.0000,100.0000,100.0000,100.0000,100.0000,100.0000
1780818480,100.0000,100.0000,100.0000,100.0000,100.0000,100.0000,100.0000
1780824480,100.0000,100.0000,100.0000,100.0000,100.0000,100.0000,100.0000
1780834680,100.0000,100.0000,100.0000,100.0000,100.0000,100.0000,100.0000
1780840680,100.0000,100.0000,100.0000,100.0000,100.0000,100.0000,100.0000
1780846680,100.0000,100.0000,100.0000,100.0000,100.0000,100.0000,100.0000
1780853280,100.0000,100.0000,100.0000,100.0000,100.0000,100.0000,100.0000
1780859280,100.0000,100.0000,100.0000,100.0000,100.0000,100.0000,100.0000
1780866480,100.0000,100.0000,100.0000,100.0000,100.0000,100.0000,100.0000
1780878480,100.0000,100.0000,100.0000,100.0000,100.0000,100.0000,100.0000
1780899480,100.0000,100.0000,100.0000,100.0000,100.0000,100.0000,100.0000
1780915680,100.0000,100.0000,100.0000,100.0000,100.0000,100.0000,100.0000
1780931880,100.0000,100.0000,100.0000,100.0000,100.0000,100.0000,100.0000
1780939680,100.0000,100.0000,100.0000,100.0000,100.0000,100.0000,100.0000
1780951680,100.0000,100.0000,100.0000,100.0000,100.0000,100.0000,100.0000
1780955280,100.0000,100.0000,100.0000,100.0000,100.0000,100.0000,100.0000
1780969080,100.0000,100.0000,100.0000,100.0000,100.0000,100.0000,100.0000
1780991280,100.0000,100.0000,100.0000,100.0000,100.0000,100.0000,100.0000
1781002080,100.0000,100.0000,100.0000,100.0000,100.0000,100.0000,100.0000
1781014680,100.0000,100.0000,100.0000,100.0000,100.0000,100.0000,100.0000
1781025480,100.0000,100.0000,100.0000,100.0000,100.0000,100.0000,100.0000
1781029080,100.0000,100.0000,100.0000,100.0000,100.0000,100.0000,100.0000
1781039880,100.0000,100.0000,100.0000,100.0000,100.0000,100.0000,100.0000
1781043480,100.0000,100.0000,100.0000,100.0000,100.0000,100.0000,100.0000
1781060880,100.0000,100.0000,100.0000,100.0000,100.0000,100.0000,100.0000
1781078880,100.0000,100.0000,100.0000,100.0000,100.0000,100.0000,100.0000
1781090880,100.0000,100.0000,99.2857,100.0000,100.0000,100.0000,100.0000
1781099880,100.0000,100.0000,97.8417,100.0000,100.0000,100.0000,100.0000
1781115480,100.0000,100.0000,97.1223,100.0000,100.0000,100.0000,100.0000
1781119080,100.0000,100.0000,97.1429,100.0000,100.0000,100.0000,100.0000
1781126880,100.0000,100.0000,96.4029,100.0000,100.0000,100.0000,100.0000
1781147280,100.0000,100.0000,95.7143,100.0000,100.0000,98.5714,100.0000
1781162280,100.0000,100.0000,95.7143,100.0000,100.0000,98.5714,100.0000
1781181480,100.0000,100.0000,97.8417,100.0000,100.0000,98.5611,99.2806
1781195880,100.0000,100.0000,97.1429,100.0000,100.0000,98.5714,99.2857
1781207280,100.0000,100.0000,97.8571,100.0000,100.0000,98.5714,99.2857
1781243280,100.0000,100.0000,99.2806,100.0000,100.0000,100.0000,99.2857
1781260080,100.0000,100.0000,99.2806,100.0000,100.0000,100.0000,100.0000
1781270880,100.0000,100.0000,99.2806,100.0000,100.0000,100.0000,100.0000
1781281080,100.0000,100.0000,100.0000,100.0000,100.0000,100.0000,100.0000
1781287680,100.0000,100.0000,100.0000,100.0000,100.0000,99.2857,100.0000
1781291280,100.0000,100.0000,100.0000,100.0000,100.0000,99.2754,99.2701
1781296680,100.0000,100.0000,100.0000,100.0000,100.0000,97.8571,99.2806
1781309880,100.0000,100.0000,99.2754,100.0000,100.0000,96.4029,98.5507
1781328480,100.0000,100.0000,98.5507,100.0000,100.0000,95.7143,98.5507
1781340480,100.0000,100.0000,98.5507,100.0000,100.0000,95.7143,98.5507
1781349480,100.0000,100.0000,98.5611,100.0000,100.0000,95.6835,98.5401
1781358480,100.0000,100.0000,98.5611,100.0000,100.0000,95.6835,98.5401
1781364480,100.0000,100.0000,98.5611,100.0000,100.0000,95.6835,98.5401
1781373480,100.0000,100.0000,98.5507,100.0000,100.0000,96.4286,99.2754
1781380680,100.0000,100.0000,98.5611,100.0000,100.0000,97.8417,99.2754
1781386680,100.0000,100.0000,98.5714,100.0000,100.0000,98.5611,100.0000
1781398680,100.0000,100.0000,100.0000,100.0000,100.0000,100.0000,100.0000
1781416680,100.0000,100.0000,100.0000,100.0000,100.0000,100.0000,100.0000
1781429280,100.0000,100.0000,100.0000,100.0000,100.0000,100.0000,100.0000
1781438880,100.0000,100.0000,100.0000,100.0000,100.0000,100.0000,100.0000
1781445480,100.0000,100.0000,100.0000,100.0000,100.0000,100.0000,100.0000
1781451480,100.0000,100.0000,100.0000,100.0000,100.0000,100.0000,100.0000
1781460480,100.0000,100.0000,100.0000,100.0000,100.0000,100.0000,100.0000
1781463480,100.0000,100.0000,100.0000,100.0000,100.0000,100.0000,99.2806
1781472480,100.0000,100.0000,100.0000,100.0000,100.0000,100.0000,99.2806
1781485680,100.0000,100.0000,100.0000,100.0000,100.0000,100.0000,99.2806
1781508480,100.0000,100.0000,100.0000,100.0000,100.0000,100.0000,99.2806
1781527680,100.0000,100.0000,100.0000,100.0000,100.0000,100.0000,99.2857
1781542080,100.0000,100.0000,100.0000,100.0000,100.0000,100.0000,99.2857
1781556480,100.0000,100.0000,100.0000,100.0000,100.0000,100.0000,100.0000
1781563080,100.0000,100.0000,100.0000,100.0000,100.0000,100.0000,100.0000
1781585280,100.0000,100.0000,100.0000,100.0000,100.0000,100.0000,100.0000
1781605080,100.0000,100.0000,100.0000,100.0000,100.0000,100.0000,100.0000
1781625480,100.0000,100.0000,100.0000,100.0000,100.0000,100.0000,100.0000
1781629080,100.0000,100.0000,100.0000,100.0000,100.0000,100.0000,100.0000
1781636280,100.0000,100.0000,100.0000,100.0000,100.0000,100.0000,100.0000
1781669280,100.0000,100.0000,100.0000,100.0000,100.0000,100.0000,100.0000
1781687880,100.0000,100.0000,100.0000,100.0000,100.0000,100.0000,100.0000
1781700480,100.0000,100.0000,100.0000,100.0000,100.0000,100.0000,100.0000
1781713080,100.0000,100.0000,100.0000,100.0000,100.0000,100.0000,100.0000
1781729880,100.0000,100.0000,100.0000,100.0000,100.0000,99.2857,100.0000
1781733480,100.0000,100.0000,100.0000,100.0000,100.0000,99.2857,100.0000
1781755680,100.0000,100.0000,100.0000,100.0000,100.0000,99.2857,100.0000
1781772480,100.0000,100.0000,100.0000,100.0000,100.0000,99.2857,100.0000
1781785680,100.0000,100.0000,100.0000,100.0000,100.0000,99.2806,100.0000
1781800680,100.0000,100.0000,100.0000,100.0000,100.0000,99.2857,100.0000
1781812680,100.0000,100.0000,100.0000,100.0000,100.0000,100.0000,100.0000
1781819280,100.0000,100.0000,100.0000,100.0000,100.0000,100.0000,99.2806
1781829480,100.0000,100.0000,100.0000,100.0000,100.0000,100.0000,99.2806
1781849280,100.0000,100.0000,100.0000,100.0000,100.0000,100.0000,99.2908
1781869080,100.0000,100.0000,99.2806,100.0000,100.0000,100.0000,99.2754
1781879880,100.0000,100.0000,99.2806,100.0000,100.0000,100.0000,99.2754
1781887080,100.0000,100.0000,99.2806,100.0000,100.0000,100.0000,99.2754
1781894880,100.0000,100.0000,99.2857,100.0000,100.0000,100.0000,99.2857
1781901480,100.0000,100.0000,99.2806,100.0000,100.0000,100.0000,100.0000
1781907480,100.0000,100.0000,99.2806,100.0000,100.0000,100.0000,100.0000
1781926080,100.0000,100.0000,99.2857,100.0000,100.0000,100.0000,100.0000
1781938680,100.0000,100.0000,100.0000,100.0000,100.0000,100.0000,100.0000
1781947680,100.0000,100.0000,100.0000,100.0000,100.0000,100.0000,100.0000
1781957280,100.0000,100.0000,100.0000,100.0000,100.0000,100.0000,100.0000
1781965680,100.0000,100.0000,100.0000,100.0000,100.0000,100.0000,100.0000
1781971080,100.0000,100.0000,100.0000,100.0000,100.0000,100.0000,100.0000
1781977680,100.0000,100.0000,100.0000,100.0000,100.0000,100.0000,100.0000
1781983680,100.0000,100.0000,100.0000,100.0000,100.0000,100.0000,100.0000
1781989680,100.0000,100.0000,100.0000,100.0000,100.0000,100.0000,100.0000
1782002280,100.0000,100.0000,100.0000,100.0000,100.0000,100.0000,100.0000
1782021480,100.0000,100.0000,100.0000,100.0000,100.0000,100.0000,100.0000
1782035880,100.0000,100.0000,100.0000,100.0000,100.0000,100.0000,100.0000
1782044880,100.0000,100.0000,100.0000,100.0000,100.0000,100.0000,100.0000
1782052080,100.0000,100.0000,100.0000,100.0000,100.0000,100.0000,100.0000
1782058680,100.0000,100.0000,100.0000,100.0000,100.0000,99.2857,100.0000
1782064680,100.0000,100.0000,100.0000,100.0000,100.0000,99.2857,100.0000
1782070680,100.0000,100.0000,100.0000,100.0000,100.0000,99.2857,100.0000
1782076680,100.0000,100.0000,100.0000,100.0000,100.0000,99.2806,100.0000
1782088680,100.0000,100.0000,100.0000,100.0000,100.0000,99.2806,100.0000
1782114480,100.0000,100.0000,100.0000,100.0000,100.0000,99.2754,100.0000
1782134280,100.0000,100.0000,99.2806,100.0000,100.0000,99.2857,100.0000
1782149280,100.0000,100.0000,99.2806,100.0000,100.0000,100.0000,100.0000
1782158880,100.0000,100.0000,98.5714,100.0000,100.0000,100.0000,100.0000
1782164880,100.0000,100.0000,98.5714,100.0000,100.0000,100.0000,100.0000
1782182280,100.0000,100.0000,98.5611,100.0000,100.0000,100.0000,100.0000
1782196680,100.0000,100.0000,98.5714,100.0000,100.0000,100.0000,100.0000
1782211080,100.0000,100.0000,97.8417,100.0000,100.0000,100.0000,100.0000
1782221280,100.0000,100.0000,97.8417,100.0000,100.0000,100.0000,100.0000
1782231480,100.0000,100.0000,97.8417,100.0000,100.0000,100.0000,100.0000
1782238080,100.0000,100.0000,97.8417,100.0000,100.0000,100.0000,100.0000
1782244080,100.0000,100.0000,97.8417,100.0000,100.0000,100.0000,100.0000
1782250080,100.0000,100.0000,97.8571,100.0000,100.0000,100.0000,100.0000
1782272880,100.0000,100.0000,97.8571,100.0000,100.0000,100.0000,100.0000
1782292080,100.0000,100.0000,99.2806,100.0000,100.0000,100.0000,100.0000
1782298680,100.0000,100.0000,99.2754,100.0000,100.0000,100.0000,100.0000
1782305280,100.0000,100.0000,98.5714,100.0000,100.0000,100.0000,100.0000
1782315480,100.0000,100.0000,98.5714,100.0000,100.0000,100.0000,100.0000
1782322680,100.0000,100.0000,99.2806,100.0000,100.0000,100.0000,100.0000
1782330480,100.0000,100.0000,99.2857,100.0000,100.0000,100.0000,100.0000
1782335280,100.0000,100.0000,99.2806,100.0000,100.0000,100.0000,100.0000
1782344280,100.0000,100.0000,99.2857,100.0000,100.0000,100.0000,100.0000
1782361680,100.0000,100.0000,99.2958,100.0000,100.0000,100.0000,100.0000
1782375480,100.0000,100.0000,99.2857,100.0000,100.0000,100.0000,100.0000
1782383280,100.0000,100.0000,99.2806,100.0000,100.0000,100.0000,100.0000
1782397680,100.0000,100.0000,100.0000,100.0000,100.0000,100.0000,100.0000
1782406680,100.0000,100.0000,100.0000,100.0000,100.0000,100.0000,100.0000
1782413880,100.0000,100.0000,100.0000,100.0000,100.0000,100.0000,100.0000
1782422880,100.0000,100.0000,100.0000,100.0000,100.0000,100.0000,100.0000
1782427680,100.0000,100.0000,100.0000,100.0000,100.0000,100.0000,100.0000
1782446280,100.0000,100.0000,100.0000,100.0000,100.0000,100.0000,100.0000
1782457080,100.0000,100.0000,100.0000,100.0000,100.0000,100.0000,100.0000
1782468480,100.0000,100.0000,100.0000,100.0000,100.0000,100.0000,100.0000
1782482880,100.0000,100.0000,100.0000,100.0000,100.0000,100.0000,100.0000
1782490080,100.0000,100.0000,100.0000,100.0000,100.0000,100.0000,100.0000
1782497880,100.0000,100.0000,100.0000,100.0000,100.0000,100.0000,100.0000
1782505680,100.0000,100.0000,100.0000,100.0000,100.0000,100.0000,100.0000
1782511680,100.0000,100.0000,100.0000,100.0000,100.0000,100.0000,100.0000
1782518280,100.0000,100.0000,100.0000,100.0000,100.0000,100.0000,100.0000
1782716880,100.0000,100.0000,100.0000,100.0000,100.0000,100.0000,99.2806
1782741480,100.0000,100.0000,100.0000,100.0000,100.0000,100.0000,99.2857
1782743880,100.0000,100.0000,100.0000,100.0000,100.0000,100.0000,99.2806
1782757680,100.0000,100.0000,100.0000,100.0000,100.0000,100.0000,99.2857
1782760680,100.0000,100.0000,100.0000,100.0000,100.0000,100.0000,99.2806
1782769080,100.0000,100.0000,100.0000,100.0000,100.0000,100.0000,99.2857
1782775080,100.0000,100.0000,100.0000,100.0000,100.0000,100.0000,99.2857
1782794880,100.0000,100.0000,100.0000,100.0000,100.0000,100.0000,100.0000
1782807480,100.0000,100.0000,100.0000,100.0000,100.0000,100.0000,100.0000
1782817080,100.0000,100.0000,100.0000,100.0000,100.0000,100.0000,100.0000
1782823680,100.0000,100.0000,100.0000,100.0000,100.0000,100.0000,100.0000
1782833880,100.0000,100.0000,100.0000,100.0000,100.0000,100.0000,100.0000
1782842280,100.0000,100.0000,100.0000,100.0000,100.0000,100.0000,100.0000
1782847680,100.0000,100.0000,100.0000,100.0000,100.0000,100.0000,100.0000
1782854280,100.0000,100.0000,100.0000,100.0000,100.0000,100.0000,100.0000
1782858480,100.0000,100.0000,100.0000,100.0000,100.0000,100.0000,100.0000
1782882480,100.0000,100.0000,100.0000,100.0000,100.0000,100.0000,100.0000
1782895080,100.0000,100.0000,100.0000,100.0000,100.0000,100.0000,100.0000
1782910680,100.0000,100.0000,100.0000,100.0000,100.0000,100.0000,100.0000
1782916080,100.0000,100.0000,100.0000,100.0000,100.0000,100.0000,100.0000
1782931080,100.0000,100.0000,100.0000,100.0000,100.0000,100.0000,100.0000
1782937080,100.0000,100.0000,100.0000,100.0000,100.0000,100.0000,100.0000
1782941880,100.0000,100.0000,100.0000,100.0000,100.0000,100.0000,100.0000
1782946680,100.0000,100.0000,100.0000,100.0000,100.0000,100.0000,100.0000
1782964680,100.0000,100.0000,100.0000,100.0000,100.0000,100.0000,100.0000
1782982080,100.0000,100.0000,100.0000,100.0000,100.0000,100.0000,100.0000
1782993480,100.0000,100.0000,100.0000,100.0000,100.0000,100.0000,100.0000
1783000080,100.0000,100.0000,100.0000,100.0000,100.0000,100.0000,100.0000
1783007880,100.0000,100.0000,100.0000,100.0000,100.0000,100.0000,100.0000
1783015080,100.0000,100.0000,100.0000,100.0000,100.0000,100.0000,100.0000
1783021680,100.0000,100.0000,100.0000,100.0000,100.0000,100.0000,100.0000
1783024080,100.0000,100.0000,100.0000,100.0000,100.0000,100.0000,100.0000
1783036080,100.0000,100.0000,100.0000,100.0000,100.0000,100.0000,100.0000
1783054680,100.0000,100.0000,100.0000,100.0000,100.0000,100.0000,100.0000
1783061880,100.0000,100.0000,100.0000,100.0000,100.0000,100.0000,100.0000
1783073880,100.0000,100.0000,100.0000,100.0000,100.0000,100.0000,100.0000
1783081080,100.0000,100.0000,100.0000,100.0000,100.0000,100.0000,100.0000
1783088880,100.0000,100.0000,100.0000,100.0000,100.0000,100.0000,100.0000
1783100280,100.0000,100.0000,100.0000,100.0000,100.0000,100.0000,100.0000
1783107480,100.0000,100.0000,100.0000,100.0000,100.0000,100.0000,100.0000
1783114680,100.0000,100.0000,100.0000,100.0000,100.0000,100.0000,100.0000
1783119480,100.0000,100.0000,100.0000,100.0000,100.0000,100.0000,100.0000
1783135080,100.0000,100.0000,100.0000,100.0000,100.0000,100.0000,100.0000
1783146480,100.0000,100.0000,100.0000,100.0000,100.0000,100.0000,100.0000
1783153680,100.0000,100.0000,100.0000,100.0000,100.0000,100.0000,100.0000
1783162080,100.0000,100.0000,100.0000,100.0000,100.0000,100.0000,100.0000
1783169880,100.0000,100.0000,100.0000,100.0000,100.0000,100.0000,100.0000
1783176480,100.0000,100.0000,100.0000,100.0000,100.0000,100.0000,100.0000
1783184280,100.0000,100.0000,100.0000,100.0000,100.0000,100.0000,100.0000
1783186680,100.0000,100.0000,100.0000,100.0000,100.0000,100.0000,100.0000
1783192080,100.0000,100.0000,100.0000,100.0000,100.0000,100.0000,100.0000
1783197480,100.0000,100.0000,100.0000,100.0000,100.0000,100.0000,100.0000
1783202280,100.0000,100.0000,100.0000,100.0000,100.0000,100.0000,100.0000
1783205880,100.0000,100.0000,100.0000,100.0000,100.0000,100.0000,100.0000
1783210680,100.0000,100.0000,100.0000,100.0000,100.0000,100.0000,100.0000
1783226880,100.0000,100.0000,100.0000,100.0000,100.0000,100.0000,100.0000
1783241280,100.0000,100.0000,100.0000,100.0000,100.0000,100.0000,100.0000
1783246680,100.0000,100.0000,100.0000,100.0000,100.0000,100.0000,100.0000
1783250880,100.0000,100.0000,100.0000,100.0000,100.0000,100.0000,100.0000
1783259280,100.0000,100.0000,100.0000,100.0000,100.0000,100.0000,100.0000
1783267680,100.0000,100.0000,100.0000,100.0000,100.0000,100.0000,100.0000
1783271280,100.0000,100.0000,100.0000,100.0000,100.0000,100.0000,100.0000
1783279080,100.0000,100.0000,100.0000,100.0000,100.0000,100.0000,100.0000
1783283880,100.0000,100.0000,100.0000,100.0000,100.0000,100.0000,100.0000
1783287480,100.0000,100.0000,100.0000,100.0000,100.0000,100.0000,100.0000
1783291680,100.0000,100.0000,100.0000,100.0000,100.0000,100.0000,100.0000
1783310280,100.0000,100.0000,100.0000,100.0000,100.0000,100.0000,100.0000
1783328280,100.0000,100.0000,100.0000,100.0000,100.0000,100.0000,100.0000
1783340880,100.0000,100.0000,100.0000,100.0000,100.0000,100.0000,100.0000
1783352880,100.0000,100.0000,100.0000,100.0000,100.0000,100.0000,100.0000
1783361880,100.0000,100.0000,100.0000,100.0000,100.0000,100.0000,100.0000
1783399080,100.0000,100.0000,100.0000,100.0000,100.0000,100.0000,100.0000
1783409280,100.0000,100.0000,100.0000,100.0000,100.0000,100.0000,100.0000
1783427280,100.0000,100.0000,100.0000,100.0000,100.0000,100.0000,100.0000
1783436880,100.0000,100.0000,99.2857,100.0000,100.0000,100.0000,100.0000
1783439880,100.0000,100.0000,99.2806,100.0000,100.0000,100.0000,100.0000
1783448280,100.0000,100.0000,99.2806,100.0000,100.0000,100.0000,100.0000
1783459080,100.0000,100.0000,99.2806,100.0000,100.0000,100.0000,100.0000
1783463880,100.0000,100.0000,99.2857,100.0000,100.0000,100.0000,100.0000
1783468680,100.0000,100.0000,99.2908,100.0000,100.0000,100.0000,100.0000
1783481280,100.0000,100.0000,99.2806,100.0000,100.0000,100.0000,100.0000
1783495080,100.0000,100.0000,99.2857,100.0000,100.0000,100.0000,100.0000
1783503480,100.0000,100.0000,99.2806,100.0000,100.0000,100.0000,100.0000
1783506480,100.0000,100.0000,99.2857,100.0000,100.0000,100.0000,100.0000
1783516680,100.0000,100.0000,100.0000,100.0000,100.0000,100.0000,100.0000
1783528080,100.0000,100.0000,100.0000,100.0000,100.0000,100.0000,100.0000
1783534680,100.0000,100.0000,100.0000,100.0000,100.0000,100.0000,100.0000
1783541280,100.0000,100.0000,100.0000,100.0000,100.0000,100.0000,100.0000
1783546680,100.0000,100.0000,100.0000,100.0000,100.0000,100.0000,100.0000
1783550880,100.0000,100.0000,100.0000,100.0000,100.0000,100.0000,100.0000
1783567680,100.0000,100.0000,100.0000,100.0000,100.0000,100.0000,100.0000
1783576680,100.0000,100.0000,100.0000,100.0000,100.0000,100.0000,100.0000
1783592280,100.0000,100.0000,100.0000,100.0000,100.0000,100.0000,100.0000
1783603080,100.0000,100.0000,100.0000,100.0000,100.0000,100.0000,100.0000
1783613280,100.0000,100.0000,100.0000,100.0000,100.0000,100.0000,100.0000
1783658880,100.0000,100.0000,100.0000,100.0000,100.0000,100.0000,100.0000
1783672680,100.0000,100.0000,100.0000,100.0000,100.0000,100.0000,100.0000
1783682280,100.0000,100.0000,100.0000,100.0000,100.0000,100.0000,100.0000
1783696080,100.0000,100.0000,100.0000,100.0000,100.0000,100.0000,100.0000
1783704480,100.0000,100.0000,100.0000,100.0000,100.0000,100.0000,100.0000
1783708680,100.0000,100.0000,100.0000,100.0000,100.0000,100.0000,100.0000
1783716480,100.0000,100.0000,100.0000,100.0000,100.0000,100.0000,100.0000
1783718880,100.0000,100.0000,100.0000,100.0000,100.0000,100.0000,100.0000
1783723080,100.0000,100.0000,100.0000,100.0000,100.0000,100.0000,100.0000
1783727880,100.0000,100.0000,100.0000,100.0000,100.0000,100.0000,100.0000
1783739280,100.0000,100.0000,100.0000,100.0000,100.0000,100.0000,100.0000
1783745280,100.0000,100.0000,100.0000,100.0000,100.0000,100.0000,100.0000
1783757880,100.0000,100.0000,100.0000,100.0000,100.0000,100.0000,100.0000
1783761480,100.0000,100.0000,100.0000,100.0000,100.0000,100.0000,100.0000
1783769880,100.0000,100.0000,100.0000,100.0000,100.0000,100.0000,100.0000
1783775880,100.0000,100.0000,100.0000,100.0000,100.0000,100.0000,100.0000
1783781880,100.0000,100.0000,100.0000,100.0000,100.0000,100.0000,100.0000
1783788480,100.0000,100.0000,100.0000,100.0000,100.0000,100.0000,100.0000
1783792080,100.0000,100.0000,100.0000,100.0000,100.0000,100.0000,100.0000
1783796880,100.0000,100.0000,100.0000,100.0000,100.0000,100.0000,100.0000
1783799280,100.0000,100.0000,100.0000,100.0000,100.0000,100.0000,100.0000
1783806480,100.0000,100.0000,100.0000,100.0000,100.0000,100.0000,100.0000
1783810680,100.0000,100.0000,100.0000,100.0000,100.0000,100.0000,100.0000
1783815480,100.0000,100.0000,100.0000,100.0000,100.0000,100.0000,100.0000
1783820880,100.0000,100.0000,100.0000,100.0000,100.0000,100.0000,100.0000
1783874880,100.0000,100.0000,100.0000,100.0000,100.0000,100.0000,100.0000
1783877880,100.0000,100.0000,100.0000,100.0000,100.0000,100.0000,100.0000
1783882080,100.0000,100.0000,100.0000,100.0000,100.0000,100.0000,100.0000
1783886280,100.0000,100.0000,100.0000,100.0000,100.0000,100.0000,100.0000
1783891680,100.0000,100.0000,100.0000,100.0000,100.0000,100.0000,100.0000
1783894080,100.0000,100.0000,100.0000,100.0000,100.0000,100.0000,100.0000
1783903080,100.0000,100.0000,100.0000,100.0000,100.0000,100.0000,100.0000
1783916280,100.0000,100.0000,100.0000,100.0000,100.0000,100.0000,100.0000
1783926480,100.0000,100.0000,100.0000,100.0000,100.0000,100.0000,100.0000
1783939680,100.0000,100.0000,100.0000,100.0000,100.0000,100.0000,100.0000
1783954080,100.0000,100.0000,100.0000,100.0000,100.0000,100.0000,100.0000
1783960080,100.0000,100.0000,100.0000,100.0000,100.0000,100.0000,100.0000
1783966080,100.0000,100.0000,100.0000,100.0000,100.0000,100.0000,100.0000
1783970880,100.0000,100.0000,100.0000,100.0000,100.0000,100.0000,100.0000
1783978680,100.0000,100.0000,100.0000,100.0000,100.0000,100.0000,100.0000
1783981080,100.0000,100.0000,100.0000,100.0000,100.0000,100.0000,100.0000
1783983480,100.0000,100.0000,100.0000,100.0000,100.0000,100.0000,100.0000
1783999680,100.0000,100.0000,100.0000,100.0000,100.0000,100.0000,100.0000
1784008680,100.0000,100.0000,100.0000,100.0000,100.0000,100.0000,100.0000
1784013480,100.0000,100.0000,100.0000,100.0000,100.0000,100.0000,100.0000
1784024280,100.0000,100.0000,100.0000,100.0000,100.0000,100.0000,100.0000
1784029080,100.0000,100.0000,100.0000,100.0000,100.0000,100.0000,100.0000
1784038680,100.0000,100.0000,100.0000,100.0000,100.0000,100.0000,100.0000
1784043480,100.0000,100.0000,100.0000,100.0000,100.0000,100.0000,100.0000
1784130480,100.0000,100.0000,100.0000,100.0000,100.0000,100.0000,100.0000
1784135280,100.0000,100.0000,100.0000,100.0000,100.0000,100.0000,100.0000
1784141280,100.0000,100.0000,100.0000,100.0000,100.0000,100.0000,100.0000
1784146080,100.0000,100.0000,100.0000,100.0000,100.0000,100.0000,100.0000
1784149080,100.0000,100.0000,100.0000,100.0000,100.0000,100.0000,100.0000
1784152680,100.0000,100.0000,100.0000,100.0000,100.0000,100.0000,100.0000
1784156280,100.0000,100.0000,100.0000,100.0000,100.0000,100.0000,100.0000
1784171880,100.0000,100.0000,100.0000,100.0000,100.0000,100.0000,100.0000
1784179080,100.0000,100.0000,100.0000,100.0000,100.0000,100.0000,100.0000
1784189280,100.0000,100.0000,100.0000,100.0000,100.0000,100.0000,100.0000
1784192880,100.0000,100.0000,100.0000,100.0000,100.0000,100.0000,100.0000
1784201280,100.0000,100.0000,100.0000,100.0000,100.0000,100.0000,100.0000
1784211480,100.0000,100.0000,100.0000,100.0000,100.0000,100.0000,100.0000
1784215080,100.0000,100.0000,100.0000,100.0000,100.0000,100.0000,100.0000
1784218080,100.0000,100.0000,100.0000,100.0000,100.0000,100.0000,100.0000
1784230080,100.0000,100.0000,100.0000,100.0000,100.0000,100.0000,100.0000
1784244480,100.0000,100.0000,100.0000,100.0000,100.0000,100.0000,100.0000
1784255280,100.0000,100.0000,100.0000,100.0000,100.0000,100.0000,100.0000
1784262480,100.0000,100.0000,100.0000,100.0000,100.0000,100.0000,100.0000
1784273880,100.0000,100.0000,100.0000,100.0000,100.0000,100.0000,100.0000
1784281680,100.0000,100.0000,100.0000,100.0000,100.0000,100.0000,100.0000
1784289480,100.0000,100.0000,100.0000,100.0000,100.0000,100.0000,100.0000
1784301480,100.0000,100.0000,100.0000,100.0000,100.0000,100.0000,100.0000
1784321280,100.0000,100.0000,100.0000,100.0000,100.0000,99.2806,100.0000
1784324880,100.0000,100.0000,100.0000,100.0000,100.0000,99.2806,100.0000
1784344680,100.0000,100.0000,100.0000,100.0000,100.0000,98.5611,100.0000
1784352480,100.0000,100.0000,100.0000,100.0000,100.0000,98.5611,100.0000
1784359080,100.0000,100.0000,100.0000,100.0000,100.0000,98.5714,100.0000
1784362680,100.0000,100.0000,100.0000,100.0000,100.0000,98.5611,100.0000
1784369880,100.0000,100.0000,100.0000,100.0000,100.0000,98.5714,100.0000
1784373480,100.0000,100.0000,100.0000,100.0000,100.0000,98.5611,100.0000
1784377080,100.0000,100.0000,100.0000,100.0000,100.0000,98.5611,100.0000
1784383680,100.0000,100.0000,100.0000,100.0000,100.0000,98.5611,100.0000
1784386680,100.0000,100.0000,100.0000,100.0000,100.0000,98.5714,100.0000
1784392680,100.0000,100.0000,100.0000,100.0000,100.0000,98.6014,100.0000
1784395680,100.0000,100.0000,100.0000,100.0000,100.0000,98.5611,100.0000
1784404680,100.0000,100.0000,100.0000,100.0000,100.0000,99.2806,100.0000
1784407680,100.0000,100.0000,100.0000,100.0000,100.0000,99.2857,100.0000
1784411880,100.0000,100.0000,100.0000,100.0000,100.0000,99.2806,100.0000
1784419080,100.0000,100.0000,100.0000,100.0000,100.0000,99.2908,100.0000
1784431680,100.0000,100.0000,100.0000,100.0000,100.0000,100.0000,100.0000
1784441280,100.0000,100.0000,100.0000,100.0000,100.0000,100.0000,100.0000
1784452080,100.0000,100.0000,100.0000,100.0000,100.0000,100.0000,100.0000
1784455680,100.0000,100.0000,100.0000,100.0000,100.0000,100.0000,100.0000
1784465280,100.0000,100.0000,100.0000,100.0000,100.0000,100.0000,100.0000
1784471880,100.0000,100.0000,100.0000,100.0000,100.0000,100.0000,100.0000
1784474880,100.0000,100.0000,100.0000,100.0000,100.0000,100.0000,100.0000
1784477880,100.0000,100.0000,100.0000,100.0000,100.0000,100.0000,100.0000
1784481480,100.0000,100.0000,100.0000,100.0000,100.0000,100.0000,100.0000
1784485680,100.0000,100.0000,100.0000,100.0000,100.0000,100.0000,100.0000
1784492880,100.0000,100.0000,100.0000,100.0000,100.0000,100.0000,100.0000
1784496480,100.0000,100.0000,100.0000,100.0000,100.0000,100.0000,100.0000
1784504280,100.0000,100.0000,100.0000,100.0000,100.0000,100.0000,100.0000
1784520480,100.0000,100.0000,100.0000,100.0000,100.0000,100.0000,100.0000
1784530680,100.0000,100.0000,100.0000,100.0000,100.0000,100.0000,100.0000
1784542080,100.0000,100.0000,100.0000,100.0000,100.0000,100.0000,100.0000
1784550480,100.0000,100.0000,100.0000,100.0000,100.0000,100.0000,100.0000
1784556480,100.0000,100.0000,100.0000,100.0000,100.0000,100.0000,100.0000
1784564880,100.0000,100.0000,100.0000,100.0000,100.0000,100.0000,100.0000
1784566680,100.0000,100.0000,100.0000,100.0000,100.0000,100.0000,100.0000
1784575080,100.0000,100.0000,100.0000,100.0000,100.0000,100.0000,100.0000
1784582280,100.0000,100.0000,100.0000,100.0000,100.0000,100.0000,100.0000
1784591280,100.0000,100.0000,100.0000,100.0000,100.0000,100.0000,100.0000
1784605680,100.0000,100.0000,100.0000,100.0000,100.0000,100.0000,100.0000
1784615880,100.0000,100.0000,100.0000,100.0000,100.0000,99.2806,100.0000
1784622480,100.0000,100.0000,100.0000,100.0000,100.0000,99.2806,100.0000
1784629680,100.0000,100.0000,100.0000,100.0000,100.0000,99.3007,100.0000
1784644080,100.0000,100.0000,100.0000,100.0000,100.0000,99.2806,100.0000
1784647680,100.0000,100.0000,100.0000,100.0000,100.0000,99.2806,100.0000
1784654880,100.0000,100.0000,100.0000,100.0000,100.0000,99.2806,100.0000
1784662080,100.0000,100.0000,100.0000,100.0000,100.0000,99.2857,100.0000
1784669280,100.0000,100.0000,100.0000,100.0000,100.0000,99.2806,100.0000
1784677080,100.0000,100.0000,100.0000,100.0000,100.0000,99.2908,100.0000
1784690880,100.0000,100.0000,100.0000,100.0000,100.0000,99.2806,100.0000
1784701680,100.0000,100.0000,100.0000,100.0000,100.0000,100.0000,100.0000
1784711880,100.0000,100.0000,100.0000,100.0000,100.0000,99.2806,100.0000
1784716080,100.0000,100.0000,100.0000,100.0000,100.0000,99.2857,100.0000
1784729280,100.0000,100.0000,100.0000,100.0000,100.0000,99.2806,100.0000
1784735280,100.0000,100.0000,100.0000,100.0000,100.0000,99.2806,100.0000
1784738880,100.0000,100.0000,100.0000,100.0000,100.0000,98.5611,100.0000
1784746080,100.0000,100.0000,100.0000,100.0000,100.0000,98.5611,100.0000
1784754480,100.0000,100.0000,98.5714,100.0000,100.0000,98.5714,99.2857
1784759880,100.0000,100.0000,97.8571,100.0000,100.0000,98.5714,99.2857
1784763480,100.0000,100.0000,97.1223,100.0000,100.0000,98.5611,99.2806
1784777880,100.0000,100.0000,95.6522,100.0000,100.0000,97.8417,97.8417
1784788680,100.0000,100.0000,95.6522,100.0000,100.0000,97.8417,97.1223
1784796480,100.0000,100.0000,95.6835,100.0000,100.0000,97.8571,97.1429
1784807880,100.0000,100.0000,95.6835,100.0000,100.0000,97.8571,97.1429
1784815080,100.0000,100.0000,95.6522,100.0000,100.0000,97.8417,97.1223
1784822280,100.0000,100.0000,95.6522,100.0000,100.0000,98.5611,97.1223
1784828280,100.0000,100.0000,95.6835,100.0000,100.0000,98.5714,97.1429
1784832480,100.0000,100.0000,97.1014,100.0000,100.0000,98.5611,97.8417
1784842080,100.0000,100.0000,97.8261,100.0000,100.0000,98.5611,97.8417
1784850480,100.0000,100.0000,98.5816,100.0000,100.0000,98.6014,97.9021
1784864280,100.0000,100.0000,100.0000,100.0000,100.0000,99.2806,99.2806
1784875080,100.0000,100.0000,100.0000,100.0000,100.0000,99.2806,100.0000
1784885880,100.0000,100.0000,100.0000,100.0000,100.0000,100.0000,100.0000
1784889480,100.0000,100.0000,100.0000,100.0000,100.0000,100.0000,100.0000
1784896680,100.0000,100.0000,100.0000,100.0000,100.0000,100.0000,100.0000
1784903280,100.0000,100.0000,100.0000,100.0000,100.0000,100.0000,100.0000
1784906880,100.0000,100.0000,100.0000,100.0000,100.0000,100.0000,100.0000
1784910480,100.0000,100.0000,100.0000,100.0000,100.0000,100.0000,100.0000
1784914080,100.0000,100.0000,100.0000,100.0000,100.0000,100.0000,100.0000
1784932080,100.0000,100.0000,100.0000,100.0000,100.0000,100.0000,100.0000
1784935680,100.0000,100.0000,100.0000,100.0000,100.0000,100.0000,100.0000
1784948880,100.0000,100.0000,100.0000,100.0000,100.0000,100.0000,100.0000
1784959080,100.0000,100.0000,100.0000,100.0000,100.0000,100.0000,100.0000
1784965680,100.0000,100.0000,100.0000,100.0000,100.0000,100.0000,100.0000
1784972280,100.0000,100.0000,100.0000,100.0000,100.0000,100.0000,100.0000
1784984880,100.0000,100.0000,100.0000,100.0000,100.0000,100.0000,100.0000
1784990880,100.0000,100.0000,100.0000,100.0000,100.0000,100.0000,100.0000
1784994480,100.0000,100.0000,100.0000,100.0000,100.0000,100.0000,100.0000
1785001080,100.0000,100.0000,100.0000,100.0000,100.0000,100.0000,100.0000
1785004080,100.0000,100.0000,100.0000,100.0000,100.0000,100.0000,100.0000
1785010080,100.0000,100.0000,100.0000,100.0000,100.0000,100.0000,100.0000
1785013680,100.0000,100.0000,100.0000,100.0000,100.0000,100.0000,100.0000
1785017280,100.0000,100.0000,100.0000,100.0000,100.0000,100.0000,100.0000
1785023280,100.0000,100.0000,100.0000,100.0000,100.0000,100.0000,100.0000
1785036480,100.0000,100.0000,100.0000,100.0000,100.0000,100.0000,100.0000
1785047280,100.0000,100.0000,100.0000,100.0000,100.0000,100.0000,100.0000
1785050880,100.0000,100.0000,100.0000,100.0000,100.0000,100.0000,100.0000
1785207480,100.0000,100.0000,100.0000,100.0000,100.0000,100.0000,100.0000
1785211080,100.0000,100.0000,100.0000,100.0000,100.0000,100.0000,100.0000
1785227280,100.0000,100.0000,100.0000,100.0000,100.0000,100.0000,100.0000
1785238080,100.0000,100.0000,100.0000,100.0000,100.0000,100.0000,100.0000
1785248880,100.0000,100.0000,100.0000,100.0000,100.0000,100.0000,100.0000
1785262080,100.0000,100.0000,100.0000,100.0000,100.0000,100.0000,100.0000
1785269880,100.0000,100.0000,100.0000,100.0000,100.0000,100.0000,100.0000
1785273480,100.0000,100.0000,100.0000,100.0000,100.0000,100.0000,100.0000
1785277080,100.0000,100.0000,100.0000,100.0000,100.0000,100.0000,100.0000
1785294480,100.0000,100.0000,100.0000,100.0000,100.0000,100.0000,100.0000
1785306480,100.0000,100.0000,100.0000,100.0000,100.0000,100.0000,100.0000
1785313080,100.0000,100.0000,100.0000,100.0000,100.0000,100.0000,100.0000
1785326880,100.0000,100.0000,100.0000,100.0000,100.0000,100.0000,100.0000
1785334080,100.0000,100.0000,100.0000,100.0000,100.0000,100.0000,100.0000
1785346080,100.0000,100.0000,100.0000,100.0000,100.0000,100.0000,100.0000
1785349680,100.0000,100.0000,100.0000,100.0000,100.0000,100.0000,98.5714
1785356880,100.0000,100.0000,100.0000,100.0000,100.0000,100.0000,98.5714
1785380280,100.0000,100.0000,100.0000,100.0000,100.0000,99.2857,97.8417
1785392280,100.0000,100.0000,100.0000,100.0000,100.0000,99.2806,97.8571
1785399480,100.0000,100.0000,100.0000,100.0000,100.0000,99.2806,97.8571
1785412680,100.0000,100.0000,100.0000,100.0000,100.0000,99.2857,97.8417
1785416280,100.0000,100.0000,100.0000,100.0000,100.0000,99.2806,97.8571
1785423480,100.0000,100.0000,100.0000,100.0000,100.0000,99.3007,97.8873
1785430680,100.0000,100.0000,100.0000,100.0000,100.0000,99.2806,97.8571
1785437880,100.0000,100.0000,100.0000,100.0000,100.0000,99.2806,99.2857
1785447480,100.0000,100.0000,100.0000,100.0000,100.0000,99.2806,99.2857
1785454080,100.0000,100.0000,100.0000,100.0000,100.0000,99.2806,99.2857
1785467280,100.0000,100.0000,100.0000,100.0000,100.0000,100.0000,100.0000
1785482280,100.0000,100.0000,100.0000,100.0000,100.0000,100.0000,100.0000
1785489480,100.0000,100.0000,100.0000,100.0000,100.0000,100.0000,100.0000
1785496680,100.0000,100.0000,100.0000,100.0000,100.0000,100.0000,100.0000
1785507480,100.0000,100.0000,100.0000,100.0000,100.0000,100.0000,100.0000
1785515880,100.0000,100.0000,100.0000,100.0000,100.0000,100.0000,100.0000
1785519480,100.0000,100.0000,100.0000,100.0000,100.0000,100.0000,100.0000
1785523080,100.0000,100.0000,100.0000,100.0000,100.0000,100.0000,100.0000
1785529680,100.0000,100.0000,100.0000,100.0000,100.0000,100.0000,100.0000
1785536280,100.0000,100.0000,100.0000,100.0000,100.0000,100.0000,100.0000
1785539280,100.0000,100.0000,100.0000,100.0000,100.0000,100.0000,100.0000
1785553680,100.0000,100.0000,100.0000,100.0000,100.0000,100.0000,100.0000
1785565080,100.0000,100.0000,100.0000,100.0000,100.0000,100.0000,100.0000
1785575280,100.0000,100.0000,100.0000,100.0000,100.0000,100.0000,100.0000
1785589080,100.0000,100.0000,100.0000,100.0000,100.0000,100.0000,100.0000
1785595680,100.0000,100.0000,100.0000,100.0000,100.0000,100.0000,100.0000
1785601680,100.0000,100.0000,100.0000,100.0000,100.0000,100.0000,100.0000
1785604680,100.0000,100.0000,100.0000,100.0000,100.0000,100.0000,100.0000
1785611880,100.0000,100.0000,100.0000,100.0000,100.0000,100.0000,100.0000
1785623880,100.0000,100.0000,100.0000,100.0000,100.0000,100.0000,100.0000
1785626880,100.0000,100.0000,100.0000,100.0000,100.0000,100.0000,100.0000
1785642480,100.0000,100.0000,100.0000,100.0000,100.0000,100.0000,100.0000
1785648480,100.0000,100.0000,100.0000,100.0000,100.0000,100.0000,100.0000
1785660480,100.0000,100.0000,100.0000,100.0000,100.0000,100.0000,100.0000
1785666480,100.0000,100.0000,100.0000,100.0000,100.0000,100.0000,100.0000
1785676080,100.0000,100.0000,100.0000,100.0000,100.0000,100.0000,100.0000
1785679680,100.0000,100.0000,100.0000,100.0000,100.0000,100.0000,100.0000
1785686280,100.0000,100.0000,100.0000,100.0000,100.0000,100.0000,100.0000
1785695880,100.0000,100.0000,100.0000,100.0000,100.0000,100.0000,100.0000
1785702480,100.0000,100.0000,100.0000,100.0000,100.0000,100.0000,100.0000
1785705480,100.0000,100.0000,100.0000,100.0000,100.0000,100.0000,100.0000
1785709080,100.0000,100.0000,100.0000,100.0000,100.0000,100.0000,100.0000
1785716280,100.0000,100.0000,100.0000,100.0000,100.0000,100.0000,100.0000
1785729480,100.0000,100.0000,100.0000,100.0000,100.0000,100.0000,100.0000
1785739680,100.0000,100.0000,100.0000,100.0000,100.0000,100.0000,100.0000
1785755880,100.0000,100.0000,94.9640,100.0000,100.0000,94.9640,97.8571
1785768480,100.0000,100.0000,94.2029,100.0000,100.0000,93.5714,97.8261
1785777480,100.0000,100.0000,94.3662,100.0000,100.0000,93.6620,97.8873
1785781680,100.0000,100.0000,94.2446,100.0000,100.0000,93.5252,97.8417
1785788880,100.0000,100.0000,94.2446,100.0000,100.0000,93.5252,97.8417
1785796080,100.0000,100.0000,94.2029,100.0000,100.0000,93.5714,97.8261
1785810480,100.0000,100.0000,94.2446,100.0000,100.0000,93.5252,97.8417
1785821880,100.0000,100.0000,94.2029,100.0000,100.0000,93.5714,97.8261
1785842880,100.0000,100.0000,99.2857,100.0000,100.0000,99.2806,100.0000
1785852480,100.0000,100.0000,100.0000,100.0000,100.0000,100.0000,100.0000
1785856080,100.0000,100.0000,100.0000,100.0000,100.0000,100.0000,100.0000
1785866880,100.0000,100.0000,100.0000,100.0000,100.0000,100.0000,100.0000
1785873480,100.0000,100.0000,100.0000,100.0000,100.0000,100.0000,100.0000
1785876480,100.0000,100.0000,100.0000,100.0000,100.0000,100.0000,100.0000
1785887880,100.0000,100.0000,100.0000,100.0000,100.0000,100.0000,100.0000
1785897480,100.0000,100.0000,100.0000,100.0000,100.0000,100.0000,100.0000
1785908880,100.0000,100.0000,100.0000,100.0000,100.0000,100.0000,100.0000
1785929280,100.0000,100.0000,100.0000,100.0000,100.0000,100.0000,100.0000
1785938880,100.0000,100.0000,100.0000,100.0000,100.0000,100.0000,100.0000
1785948480,100.0000,100.0000,100.0000,100.0000,100.0000,100.0000,100.0000
1785956880,100.0000,100.0000,100.0000,100.0000,100.0000,100.0000,100.0000
1785960480,100.0000,100.0000,100.0000,100.0000,100.0000,100.0000,100.0000
1785968880,100.0000,100.0000,100.0000,100.0000,100.0000,100.0000,100.0000
1785987480,100.0000,100.0000,100.0000,100.0000,100.0000,100.0000,100.0000
1785994680,100.0000,100.0000,100.0000,100.0000,100.0000,100.0000,100.0000
1786012680,100.0000,100.0000,100.0000,100.0000,100.0000,100.0000,100.0000
1786052280,100.0000,100.0000,100.0000,100.0000,100.0000,100.0000,100.0000
1786067280,100.0000,100.0000,100.0000,100.0000,100.0000,100.0000,100.0000
1786075080,100.0000,100.0000,100.0000,100.0000,100.0000,100.0000,100.0000
1786081680,100.0000,100.0000,100.0000,100.0000,100.0000,100.0000,100.0000
1786087680,100.0000,100.0000,100.0000,100.0000,100.0000,100.0000,100.0000
1786090680,100.0000,100.0000,100.0000,100.0000,100.0000,100.0000,100.0000
1786094280,100.0000,100.0000,100.0000,100.0000,100.0000,100.0000,100.0000
1786102080,100.0000,100.0000,100.0000,100.0000,100.0000,100.0000,100.0000
1786105680,100.0000,100.0000,100.0000,100.0000,100.0000,100.0000,100.0000
1786108680,100.0000,100.0000,100.0000,100.0000,100.0000,100.0000,100.0000
1786115880,100.0000,100.0000,100.0000,100.0000,100.0000,100.0000,100.0000
1786121880,100.0000,100.0000,100.0000,100.0000,100.0000,100.0000,100.0000
1786125480,100.0000,100.0000,100.0000,100.0000,100.0000,100.0000,100.0000
1786130280,100.0000,100.0000,100.0000,100.0000,100.0000,100.0000,100.0000
1786135080,100.0000,100.0000,100.0000,100.0000,100.0000,100.0000,100.0000
1786139880,100.0000,100.0000,100.0000,100.0000,100.0000,100.0000,100.0000
1786142880,100.0000,100.0000,100.0000,100.0000,100.0000,100.0000,100.0000
1786150080,100.0000,100.0000,100.0000,100.0000,100.0000,100.0000,100.0000
1786157280,100.0000,100.0000,100.0000,100.0000,100.0000,100.0000,100.0000
1786160880,100.0000,100.0000,100.0000,100.0000,100.0000,100.0000,100.0000
1786163880,100.0000,100.0000,100.0000,100.0000,100.0000,100.0000,100.0000
1786169880,100.0000,100.0000,100.0000,100.0000,100.0000,100.0000,100.0000
1786172880,100.0000,100.0000,100.0000,100.0000,100.0000,100.0000,100.0000
1786175880,100.0000,100.0000,100.0000,100.0000,100.0000,100.0000,100.0000
1786178880,100.0000,100.0000,100.0000,100.0000,100.0000,100.0000,100.0000
1786181880,100.0000,100.0000,100.0000,100.0000,100.0000,100.0000,100.0000
1786184880,100.0000,100.0000,100.0000,100.0000,100.0000,100.0000,100.0000
1786190880,100.0000,100.0000,100.0000,100.0000,100.0000,100.0000,100.0000
1786193880,100.0000,100.0000,100.0000,100.0000,100.0000,100.0000,100.0000
1786196880,100.0000,100.0000,100.0000,100.0000,100.0000,100.0000,100.0000
1786199880,100.0000,100.0000,100.0000,100.0000,100.0000,100.0000,100.0000
1786202880,100.0000,100.0000,100.0000,100.0000,100.0000,100.0000,100.0000
1786208880,100.0000,100.0000,100.0000,100.0000,100.0000,100.0000,100.0000
1786211880,100.0000,100.0000,100.0000,100.0000,100.0000,100.0000,100.0000
1786216080,100.0000,100.0000,100.0000,100.0000,100.0000,100.0000,100.0000
1786219080,100.0000,100.0000,100.0000,100.0000,100.0000,100.0000,100.0000
1786222680,100.0000,100.0000,100.0000,100.0000,100.0000,100.0000,100.0000
1786225680,100.0000,100.0000,100.0000,100.0000,100.0000,100.0000,100.0000
1786228680,100.0000,100.0000,100.0000,100.0000,100.0000,100.0000,100.0000
1786237680,100.0000,100.0000,100.0000,100.0000,100.0000,100.0000,100.0000
1786243680,100.0000,100.0000,100.0000,100.0000,100.0000,100.0000,100.0000
1786249680,100.0000,100.0000,100.0000,100.0000,100.0000,100.0000,100.0000
1786252680,100.0000,100.0000,100.0000,100.0000,100.0000,100.0000,100.0000
1786255680,100.0000,100.0000,100.0000,100.0000,100.0000,100.0000,100.0000
1786258680,100.0000,100.0000,100.0000,100.0000,100.0000,100.0000,100.0000
1786261680,100.0000,100.0000,100.0000,100.0000,100.0000,100.0000,100.0000
1786264680,100.0000,100.0000,100.0000,100.0000,100.0000,100.0000,100.0000
1786267680,100.0000,100.0000,100.0000,100.0000,100.0000,100.0000,100.0000
1786270680,100.0000,100.0000,100.0000,100.0000,100.0000,100.0000,100.0000
1786277280,100.0000,100.0000,100.0000,100.0000,100.0000,100.0000,100.0000
1786280280,100.0000,100.0000,100.0000,100.0000,100.0000,100.0000,100.0000
1786283280,100.0000,100.0000,100.0000,100.0000,100.0000,100.0000,100.0000
1786286280,100.0000,100.0000,100.0000,100.0000,100.0000,100.0000,100.0000
1786289280,100.0000,100.0000,100.0000,100.0000,100.0000,100.0000,100.0000
1786292880,100.0000,100.0000,100.0000,100.0000,100.0000,100.0000,100.0000
1786298880,100.0000,100.0000,100.0000,100.0000,100.0000,100.0000,100.0000
1786302480,100.0000,100.0000,100.0000,100.0000,100.0000,100.0000,100.0000
1786306680,100.0000,100.0000,100.0000,100.0000,100.0000,100.0000,100.0000
1786309680,100.0000,100.0000,100.0000,100.0000,100.0000,100.0000,100.0000
1786316880,100.0000,100.0000,100.0000,100.0000,100.0000,100.0000,100.0000
1786323480,100.0000,100.0000,100.0000,100.0000,100.0000,100.0000,100.0000
1786333680,100.0000,100.0000,100.0000,100.0000,100.0000,100.0000,100.0000
1786339680,100.0000,100.0000,100.0000,100.0000,100.0000,100.0000,100.0000
1786346880,100.0000,100.0000,100.0000,100.0000,100.0000,100.0000,100.0000
1786354080,100.0000,100.0000,100.0000,100.0000,100.0000,100.0000,100.0000
1786357080,100.0000,100.0000,100.0000,100.0000,100.0000,100.0000,100.0000
1786364880,100.0000,100.0000,100.0000,100.0000,100.0000,100.0000,100.0000
1786367880,100.0000,100.0000,100.0000,100.0000,100.0000,100.0000,100.0000
1786371480,100.0000,100.0000,100.0000,100.0000,100.0000,100.0000,100.0000
1786376880,100.0000,100.0000,100.0000,100.0000,100.0000,100.0000,100.0000
1786384080,100.0000,100.0000,100.0000,100.0000,100.0000,100.0000,100.0000
1786391880,100.0000,100.0000,100.0000,100.0000,100.0000,100.0000,100.0000
1786395480,100.0000,100.0000,100.0000,100.0000,100.0000,100.0000,100.0000
1786399080,100.0000,100.0000,100.0000,100.0000,100.0000,100.0000,100.0000
1786407480,100.0000,100.0000,100.0000,100.0000,100.0000,100.0000,100.0000
1786421280,100.0000,100.0000,100.0000,100.0000,100.0000,100.0000,100.0000
1786425480,100.0000,100.0000,100.0000,100.0000,100.0000,100.0000,100.0000
1786453080,100.0000,100.0000,100.0000,100.0000,100.0000,100.0000,100.0000
1786456680,100.0000,100.0000,100.0000,100.0000,100.0000,100.0000,100.0000
1786459680,100.0000,100.0000,100.0000,100.0000,100.0000,100.0000,100.0000
1786463280,100.0000,100.0000,100.0000,100.0000,100.0000,100.0000,100.0000
1786466880,100.0000,100.0000,100.0000,100.0000,100.0000,100.0000,100.0000
1786470480,100.0000,100.0000,100.0000,100.0000,100.0000,100.0000,100.0000
1786475280,100.0000,100.0000,100.0000,100.0000,100.0000,100.0000,100.0000
1786481280,100.0000,100.0000,100.0000,100.0000,100.0000,100.0000,100.0000
1786486080,100.0000,100.0000,100.0000,100.0000,100.0000,100.0000,100.0000
1786500480,100.0000,100.0000,100.0000,100.0000,100.0000,100.0000,100.0000
1786503480,100.0000,100.0000,100.0000,100.0000,100.0000,100.0000,100.0000
1786513080,100.0000,100.0000,100.0000,100.0000,100.0000,100.0000,100.0000
1786538280,100.0000,100.0000,100.0000,100.0000,100.0000,100.0000,100.0000
1786544880,100.0000,100.0000,100.0000,100.0000,100.0000,100.0000,100.0000
1786548480,100.0000,100.0000,100.0000,100.0000,100.0000,100.0000,100.0000
1786553880,100.0000,100.0000,100.0000,100.0000,100.0000,100.0000,100.0000
1786564080,100.0000,100.0000,100.0000,100.0000,100.0000,100.0000,100.0000
1786568280,100.0000,100.0000,100.0000,100.0000,100.0000,100.0000,100.0000
1786571880,100.0000,100.0000,100.0000,100.0000,100.0000,100.0000,100.0000
1786582080,100.0000,100.0000,100.0000,100.0000,100.0000,99.2857,100.0000
1786592280,100.0000,100.0000,100.0000,100.0000,100.0000,99.2857,100.0000
1786598880,100.0000,100.0000,100.0000,100.0000,100.0000,99.2857,100.0000
1786606080,100.0000,100.0000,100.0000,100.0000,100.0000,99.2806,100.0000
1786609680,100.0000,100.0000,100.0000,100.0000,100.0000,99.2857,100.0000
1786613280,100.0000,100.0000,100.0000,100.0000,100.0000,99.2857,100.0000
1786624080,100.0000,100.0000,100.0000,100.0000,100.0000,99.2754,100.0000
1786631280,100.0000,100.0000,100.0000,100.0000,100.0000,99.2857,100.0000
1786634880,100.0000,100.0000,100.0000,100.0000,100.0000,99.2857,100.0000
1786638480,100.0000,100.0000,100.0000,100.0000,100.0000,99.2806,100.0000
1786642080,100.0000,100.0000,100.0000,100.0000,100.0000,99.2857,100.0000
1786645680,100.0000,100.0000,100.0000,100.0000,100.0000,99.2857,100.0000
1786649880,100.0000,100.0000,100.0000,100.0000,100.0000,99.2806,100.0000
1786658280,100.0000,100.0000,100.0000,100.0000,100.0000,99.2857,100.0000
1786671480,100.0000,100.0000,100.0000,100.0000,100.0000,100.0000,100.0000
1786678080,100.0000,100.0000,100.0000,100.0000,100.0000,100.0000,100.0000
1786686480,100.0000,100.0000,100.0000,100.0000,100.0000,100.0000,100.0000
1786693080,100.0000,100.0000,100.0000,100.0000,100.0000,100.0000,100.0000
1786700280,100.0000,100.0000,100.0000,100.0000,100.0000,100.0000,100.0000
1786706880,100.0000,100.0000,100.0000,100.0000,100.0000,100.0000,100.0000
1786709880,100.0000,100.0000,100.0000,100.0000,100.0000,100.0000,100.0000
1786717080,100.0000,100.0000,100.0000,100.0000,100.0000,100.0000,100.0000
1786720080,100.0000,100.0000,100.0000,100.0000,100.0000,100.0000,100.0000
1786723680,100.0000,100.0000,100.0000,100.0000,100.0000,100.0000,100.0000
1786727280,100.0000,100.0000,100.0000,100.0000,100.0000,100.0000,100.0000
1786731480,100.0000,100.0000,100.0000,100.0000,100.0000,100.0000,100.0000
1786734480,100.0000,100.0000,100.0000,100.0000,100.0000,100.0000,100.0000
1786740480,100.0000,100.0000,100.0000,100.0000,100.0000,100.0000,100.0000
1786744080,100.0000,100.0000,100.0000,100.0000,100.0000,100.0000,100.0000
1786754880,100.0000,100.0000,100.0000,100.0000,100.0000,100.0000,100.0000
1786762080,100.0000,100.0000,100.0000,100.0000,100.0000,100.0000,100.0000
1786765680,100.0000,100.0000,100.0000,100.0000,100.0000,100.0000,100.0000
1786768680,100.0000,100.0000,100.0000,100.0000,100.0000,100.0000,100.0000
1786771680,100.0000,100.0000,100.0000,100.0000,100.0000,100.0000,100.0000
1786781280,100.0000,100.0000,100.0000,100.0000,100.0000,100.0000,100.0000
1786783680,100.0000,100.0000,100.0000,100.0000,100.0000,100.0000,100.0000
1786786680,100.0000,100.0000,100.0000,100.0000,100.0000,100.0000,100.0000
1786789680,100.0000,100.0000,100.0000,100.0000,100.0000,100.0000,100.0000
1786796280,100.0000,100.0000,100.0000,100.0000,100.0000,100.0000,100.0000
1786802280,100.0000,100.0000,100.0000,100.0000,100.0000,100.0000,100.0000
1786805280,100.0000,100.0000,100.0000,100.0000,100.0000,100.0000,100.0000
1786808280,100.0000,100.0000,100.0000,100.0000,100.0000,100.0000,100.0000
1786817880,100.0000,100.0000,100.0000,100.0000,100.0000,100.0000,100.0000
1786823880,100.0000,100.0000,100.0000,100.0000,100.0000,100.0000,100.0000
1786826880,100.0000,100.0000,100.0000,100.0000,100.0000,100.0000,100.0000
1786829880,100.0000,100.0000,100.0000,100.0000,100.0000,100.0000,100.0000
1786832880,100.0000,100.0000,100.0000,100.0000,100.0000,100.0000,100.0000
1786841880,100.0000,100.0000,100.0000,100.0000,100.0000,100.0000,100.0000
1786846080,100.0000,100.0000,100.0000,100.0000,100.0000,100.0000,100.0000
1786849680,100.0000,100.0000,100.0000,100.0000,100.0000,100.0000,100.0000
1786856280,100.0000,100.0000,100.0000,100.0000,100.0000,100.0000,100.0000
1786859280,100.0000,100.0000,100.0000,100.0000,100.0000,100.0000,100.0000
1786862280,100.0000,100.0000,100.0000,100.0000,100.0000,100.0000,100.0000
1786865280,100.0000,100.0000,100.0000,100.0000,100.0000,100.0000,100.0000
1786868880,100.0000,100.0000,100.0000,100.0000,100.0000,100.0000,100.0000
1786872480,100.0000,100.0000,100.0000,100.0000,100.0000,100.0000,100.0000
1786876080,100.0000,100.0000,100.0000,100.0000,100.0000,100.0000,100.0000
1786882680,100.0000,100.0000,100.0000,100.0000,100.0000,100.0000,100.0000
1786886280,100.0000,100.0000,100.0000,100.0000,100.0000,100.0000,100.0000
1786890480,100.0000,100.0000,100.0000,100.0000,100.0000,100.0000,100.0000
1786893480,100.0000,100.0000,100.0000,100.0000,100.0000,100.0000,100.0000
1786897080,100.0000,100.0000,100.0000,100.0000,100.0000,100.0000,100.0000
1786903080,100.0000,100.0000,100.0000,100.0000,100.0000,100.0000,100.0000
1786906080,100.0000,100.0000,100.0000,100.0000,100.0000,100.0000,100.0000
1786909080,100.0000,100.0000,100.0000,100.0000,100.0000,100.0000,100.0000
1786912080,100.0000,100.0000,100.0000,100.0000,100.0000,100.0000,100.0000
1786915080,100.0000,100.0000,100.0000,100.0000,100.0000,100.0000,100.0000
1786928280,100.0000,100.0000,100.0000,100.0000,100.0000,100.0000,99.2806
1786934280,100.0000,100.0000,99.2857,100.0000,100.0000,100.0000,99.2857
1786937280,100.0000,100.0000,99.2806,100.0000,100.0000,100.0000,99.2806
1786940280,100.0000,100.0000,99.2857,100.0000,100.0000,100.0000,99.2857
1786947480,100.0000,100.0000,99.2806,100.0000,100.0000,100.0000,99.2806
1786950480,100.0000,100.0000,99.2857,100.0000,100.0000,100.0000,99.2857
1786953480,100.0000,100.0000,99.2806,100.0000,100.0000,100.0000,99.2806
1786956480,100.0000,100.0000,99.2857,100.0000,100.0000,100.0000,99.2857
1786959480,100.0000,100.0000,99.2806,100.0000,100.0000,100.0000,99.2806
1786962480,100.0000,100.0000,99.2857,100.0000,100.0000,100.0000,99.2857
1786965480,100.0000,100.0000,99.2806,100.0000,100.0000,100.0000,99.2806
1786974480,100.0000,100.0000,99.2806,100.0000,100.0000,100.0000,99.2806
1786984080,100.0000,100.0000,99.2857,100.0000,100.0000,100.0000,99.2857
1786985880,100.0000,100.0000,99.2806,100.0000,100.0000,100.0000,99.2806
1786993680,100.0000,100.0000,98.5714,100.0000,100.0000,100.0000,99.2857
1786998480,100.0000,100.0000,98.5611,100.0000,100.0000,100.0000,99.2806
1787002080,100.0000,100.0000,98.5915,100.0000,100.0000,100.0000,99.2958
1787006280,100.0000,100.0000,98.5714,100.0000,100.0000,100.0000,99.2857
1787013480,100.0000,100.0000,99.2806,100.0000,100.0000,100.0000,99.2806
1787020080,100.0000,100.0000,97.1223,100.0000,100.0000,100.0000,98.5611
1787023080,100.0000,100.0000,97.1223,100.0000,100.0000,100.0000,98.5611
1787027280,100.0000,100.0000,97.1429,100.0000,100.0000,100.0000,97.8571
1787033880,100.0000,100.0000,96.3768,100.0000,100.0000,98.5714,97.8417
1787037480,100.0000,100.0000,96.4029,100.0000,100.0000,98.5611,97.8571
1787041080,100.0000,100.0000,96.3768,100.0000,100.0000,98.5714,97.1223
1787045880,100.0000,100.0000,96.3768,100.0000,100.0000,97.8571,97.1223
1787049480,100.0000,100.0000,96.4029,100.0000,100.0000,97.8417,97.1429
1787056080,100.0000,100.0000,96.3768,100.0000,100.0000,97.8571,97.1223
1787059080,100.0000,100.0000,96.4029,100.0000,100.0000,97.8417,97.1429
1787065680,100.0000,100.0000,96.4789,100.0000,100.0000,97.8873,97.2028
1787071680,100.0000,100.0000,96.4029,100.0000,100.0000,97.8417,97.1429
1787074080,100.0000,100.0000,96.3504,100.0000,100.0000,97.8261,97.1014
1787076480,100.0000,100.0000,96.4789,100.0000,100.0000,97.8873,97.2028
1787081280,100.0000,100.0000,97.1014,100.0000,100.0000,97.8417,97.1429
1787084880,100.0000,100.0000,97.0803,100.0000,100.0000,97.8571,97.1223
1787088480,100.0000,100.0000,97.0803,100.0000,100.0000,97.8571,97.1223
1787092080,100.0000,100.0000,96.3768,100.0000,100.0000,97.8417,97.1429
1787099280,100.0000,100.0000,97.8102,100.0000,100.0000,97.1429,98.5611
1787105280,100.0000,100.0000,98.5401,100.0000,100.0000,97.1429,97.1223
1787108880,100.0000,100.0000,98.5507,100.0000,100.0000,97.1223,97.1429
1787113680,100.0000,100.0000,98.5507,100.0000,100.0000,97.8417,97.8571
1787120280,100.0000,100.0000,99.2806,100.0000,100.0000,98.5611,97.8571
1787123880,100.0000,100.0000,99.2806,100.0000,100.0000,98.5611,98.5714
1787128080,100.0000,100.0000,98.5507,100.0000,100.0000,99.2806,98.5611
1787131080,100.0000,100.0000,98.5507,100.0000,100.0000,99.2857,98.5611
1787135880,100.0000,100.0000,98.5611,100.0000,100.0000,99.2806,98.5714
1787142480,100.0000,100.0000,98.5507,100.0000,100.0000,99.2806,98.5611
1787145480,100.0000,100.0000,98.5611,100.0000,100.0000,99.2806,98.5714
1787149080,100.0000,100.0000,98.5507,100.0000,100.0000,99.2806,98.5611
1787152080,100.0000,100.0000,98.5401,100.0000,100.0000,99.2754,98.5507
1787162880,100.0000,100.0000,98.5714,100.0000,100.0000,99.2806,98.5714
1787169480,100.0000,100.0000,97.8417,100.0000,100.0000,99.2806,98.5611
1787173080,100.0000,100.0000,97.8571,100.0000,100.0000,99.2806,98.5714
1787176080,100.0000,100.0000,98.5611,100.0000,100.0000,99.2806,98.5611
1787179680,100.0000,100.0000,98.5611,100.0000,100.0000,99.2806,98.5611
1787186880,100.0000,100.0000,98.5611,100.0000,100.0000,100.0000,99.2806
1787192880,100.0000,100.0000,98.5611,100.0000,100.0000,100.0000,99.2806
1787195880,100.0000,100.0000,97.8417,100.0000,100.0000,100.0000,99.2806
1787200080,100.0000,100.0000,97.8571,100.0000,100.0000,100.0000,99.2857
1787203080,100.0000,100.0000,97.8417,100.0000,100.0000,100.0000,99.2806
1787211480,100.0000,100.0000,98.5714,100.0000,100.0000,100.0000,99.2857
1787215080,100.0000,100.0000,98.5714,100.0000,100.0000,100.0000,99.2857
1787218680,100.0000,100.0000,98.5611,100.0000,100.0000,100.0000,99.2806
1787221680,100.0000,100.0000,98.5714,100.0000,100.0000,100.0000,99.2857
1787228880,100.0000,100.0000,98.5611,100.0000,100.0000,100.0000,99.2806
1787231880,100.0000,100.0000,98.5714,100.0000,100.0000,100.0000,99.2857
1787238480,100.0000,100.0000,98.5714,100.0000,100.0000,100.0000,99.2857
1787241480,100.0000,100.0000,98.5611,100.0000,100.0000,100.0000,99.2806
1787244480,100.0000,100.0000,98.5714,100.0000,100.0000,100.0000,99.2857
1787248080,100.0000,100.0000,98.5507,100.0000,100.0000,100.0000,99.2754
1787252280,100.0000,100.0000,98.5915,100.0000,100.0000,100.0000,99.2958
1787255880,100.0000,100.0000,99.2806,100.0000,100.0000,100.0000,99.2806
1787259480,100.0000,100.0000,99.2857,100.0000,100.0000,100.0000,99.2857
1787271480,100.0000,100.0000,99.2908,100.0000,100.0000,100.0000,99.2908
1787278680,100.0000,100.0000,100.0000,100.0000,100.0000,100.0000,100.0000
1787282280,100.0000,100.0000,100.0000,100.0000,100.0000,100.0000,100.0000
1787293080,100.0000,100.0000,100.0000,100.0000,100.0000,100.0000,100.0000
1787298480,100.0000,100.0000,100.0000,100.0000,100.0000,100.0000,100.0000
1787302080,100.0000,100.0000,100.0000,100.0000,100.0000,100.0000,100.0000
1787305080,100.0000,100.0000,100.0000,100.0000,100.0000,100.0000,100.0000
1787308680,100.0000,100.0000,100.0000,100.0000,100.0000,100.0000,100.0000
1787312280,100.0000,100.0000,100.0000,100.0000,100.0000,100.0000,100.0000
1787318880,100.0000,100.0000,100.0000,100.0000,100.0000,100.0000,100.0000
1787329080,100.0000,100.0000,100.0000,100.0000,100.0000,100.0000,100.0000
1787330880,100.0000,100.0000,100.0000,100.0000,100.0000,100.0000,100.0000
1787334480,100.0000,100.0000,100.0000,100.0000,100.0000,100.0000,100.0000
1787338080,100.0000,100.0000,100.0000,100.0000,100.0000,100.0000,100.0000
1787345280,100.0000,100.0000,100.0000,100.0000,100.0000,100.0000,100.0000
1787348880,100.0000,100.0000,100.0000,100.0000,100.0000,100.0000,100.0000
1787352480,100.0000,100.0000,100.0000,100.0000,100.0000,100.0000,100.0000
1787359080,100.0000,100.0000,100.0000,100.0000,100.0000,100.0000,100.0000
1787362680,100.0000,100.0000,100.0000,100.0000,100.0000,100.0000,100.0000
1787374680,100.0000,100.0000,100.0000,100.0000,100.0000,100.0000,100.0000
1787377680,100.0000,100.0000,100.0000,100.0000,100.0000,100.0000,100.0000
1787381280,100.0000,100.0000,100.0000,100.0000,100.0000,100.0000,100.0000
1787388480,100.0000,100.0000,100.0000,100.0000,100.0000,100.0000,100.0000
1787392080,100.0000,100.0000,100.0000,100.0000,100.0000,100.0000,100.0000
1787395080,100.0000,100.0000,100.0000,100.0000,100.0000,100.0000,100.0000
1787401080,100.0000,100.0000,100.0000,100.0000,100.0000,100.0000,100.0000
1787407680,100.0000,100.0000,100.0000,100.0000,100.0000,100.0000,100.0000
1787414280,100.0000,100.0000,100.0000,100.0000,100.0000,100.0000,100.0000
1787420880,100.0000,100.0000,100.0000,100.0000,100.0000,100.0000,100.0000
1787423880,100.0000,100.0000,100.0000,100.0000,100.0000,100.0000,100.0000
1787430480,100.0000,100.0000,100.0000,100.0000,100.0000,100.0000,100.0000
1787432280,100.0000,100.0000,100.0000,100.0000,100.0000,100.0000,100.0000
1787434080,100.0000,100.0000,100.0000,100.0000,100.0000,100.0000,100.0000
1787439480,100.0000,100.0000,100.0000,100.0000,100.0000,100.0000,100.0000
1787447880,100.0000,100.0000,100.0000,100.0000,100.0000,100.0000,100.0000
1787450880,100.0000,100.0000,100.0000,100.0000,100.0000,100.0000,100.0000
1787453880,100.0000,100.0000,100.0000,100.0000,100.0000,100.0000,100.0000
1787457480,100.0000,100.0000,100.0000,100.0000,100.0000,100.0000,100.0000
1787466480,100.0000,100.0000,100.0000,100.0000,100.0000,100.0000,100.0000
1787469480,100.0000,100.0000,100.0000,100.0000,100.0000,100.0000,100.0000
1787473080,100.0000,100.0000,100.0000,100.0000,100.0000,100.0000,100.0000
1787479080,100.0000,100.0000,100.0000,100.0000,100.0000,100.0000,100.0000
1787485080,100.0000,100.0000,100.0000,100.0000,100.0000,100.0000,100.0000
1787491680,100.0000,100.0000,100.0000,100.0000,100.0000,100.0000,100.0000
1787494680,100.0000,100.0000,100.0000,100.0000,100.0000,100.0000,100.0000
1787500680,100.0000,100.0000,100.0000,100.0000,100.0000,100.0000,100.0000
1787503680,100.0000,100.0000,100.0000,100.0000,100.0000,100.0000,100.0000
1787513880,100.0000,100.0000,100.0000,100.0000,100.0000,100.0000,100.0000
1787516880,100.0000,100.0000,100.0000,100.0000,100.0000,100.0000,100.0000
1787519880,100.0000,100.0000,100.0000,100.0000,100.0000,100.0000,100.0000
1787522880,100.0000,100.0000,100.0000,100.0000,100.0000,100.0000,100.0000
1787525880,100.0000,100.0000,100.0000,100.0000,100.0000,100.0000,100.0000
1787535480,100.0000,100.0000,98.5714,100.0000,100.0000,100.0000,100.0000
1787539680,100.0000,100.0000,98.5714,100.0000,100.0000,100.0000,99.2857
1787545680,100.0000,100.0000,98.5714,100.0000,100.0000,100.0000,99.2857
1787551680,100.0000,100.0000,98.5714,100.0000,100.0000,100.0000,99.2857
1787554680,100.0000,100.0000,98.5611,100.0000,100.0000,100.0000,99.2806
1787561880,100.0000,100.0000,98.5714,100.0000,100.0000,100.0000,99.2857
1787569680,100.0000,100.0000,98.5611,100.0000,100.0000,100.0000,99.2806
1787577480,100.0000,100.0000,98.5714,100.0000,100.0000,100.0000,99.2857
1787581080,100.0000,100.0000,98.5611,100.0000,100.0000,100.0000,99.2806
1787599080,100.0000,100.0000,98.5714,100.0000,100.0000,100.0000,99.2857
1787602680,100.0000,100.0000,98.5611,100.0000,100.0000,100.0000,99.2806
1787606280,100.0000,100.0000,98.5611,100.0000,100.0000,100.0000,99.2806
1787609880,100.0000,100.0000,98.5714,100.0000,100.0000,100.0000,99.2857
1787619480,100.0000,100.0000,100.0000,100.0000,100.0000,100.0000,99.2806
1787623080,100.0000,100.0000,100.0000,100.0000,100.0000,100.0000,100.0000
1787626680,100.0000,100.0000,100.0000,100.0000,100.0000,100.0000,100.0000
1787638080,100.0000,100.0000,100.0000,100.0000,100.0000,100.0000,100.0000
1787645280,100.0000,100.0000,100.0000,100.0000,100.0000,100.0000,100.0000
1787648880,100.0000,100.0000,100.0000,100.0000,100.0000,100.0000,100.0000
1787652480,100.0000,100.0000,100.0000,100.0000,100.0000,100.0000,100.0000
