timestamp,add-pre-chain,checkpoint,get-roots,tile
1790902080,100.0000,100.0000,100.0000,100.0000
1790926080,100.0000,100.0000,100.0000,100.0000
1790951880,100.0000,100.0000,100.0000,100.0000
1790971080,100.0000,100.0000,100.0000,100.0000
1790983080,100.0000,100.0000,100.0000,100.0000
1791006480,100.0000,100.0000,100.0000,100.0000
1791028080,100.0000,100.0000,100.0000,100.0000
1791044880,100.0000,100.0000,100.0000,100.0000
1791052680,100.0000,100.0000,100.0000,100.0000
1791067080,100.0000,100.0000,100.0000,100.0000
1791078480,100.0000,100.0000,100.0000,100.0000
1791104280,100.0000,100.0000,100.0000,100.0000
1791124680,100.0000,100.0000,100.0000,100.0000
1791136080,100.0000,100.0000,100.0000,100.0000
1791148080,100.0000,100.0000,100.0000,100.0000
1791157680,100.0000,100.0000,100.0000,100.0000
1791182880,100.0000,100.0000,100.0000,100.0000
1791217080,100.0000,100.0000,100.0000,100.0000
1791238680,100.0000,100.0000,100.0000,100.0000
1791250680,100.0000,100.0000,100.0000,100.0000
1791280680,100.0000,100.0000,100.0000,100.0000
1791302280,100.0000,100.0000,100.0000,100.0000
1791318480,100.0000,100.0000,100.0000,100.0000
1791333480,100.0000,100.0000,100.0000,100.0000
